ablation,feature_groups,model,precision,recall,f1,samples,positive_samples,feature_count
baseline,baseline,random_forest_small,0.20833333333333334,0.8463541666666666,0.3343621399176955,57171,768,48
baseline,baseline,logistic_regression,0.1521583591700453,0.8307291666666666,0.2572062084257206,57171,768,48
