ablation,feature_groups,model,precision,recall,f1,samples,positive_samples,feature_count
baseline,baseline,random_forest_small,0.19943019943019943,0.8373205741626795,0.32213529682466635,63060,836,48
baseline,baseline,logistic_regression,0.15207877461706784,0.8313397129186603,0.2571217166111728,63060,836,48
