model,threshold,precision,recall,f1,train_samples,valid_samples,train_positive,valid_positive,feature_count
xgboost,0.26,0.48128342245989303,0.6164383561643836,0.5405405405405406,58068,14391,678,146,100
hist_gradient_boosting,0.26,0.4606741573033708,0.5616438356164384,0.5061728395061729,58068,14391,678,146,100
lightgbm,0.8,0.3886792452830189,0.7054794520547946,0.5012165450121655,58068,14391,678,146,100
random_forest,0.74,0.4052863436123348,0.6301369863013698,0.4932975871313673,58068,14391,678,146,100
